song_id,title,artist,album,genre,release_year,duration_sec,rating,plays,favorite,last_played
1,kidsgonemad!,ISOxo,kidsgonemad!,EDM,2023,152,5,48,TRUE,2026-09-27
2,how2fly,ISOxo,kidsgonemad!,EDM,2023,181,4,26,FALSE,2026-09-03
3,MOONSPELL,ISOxo,kidsgonemad!,EDM,2023,168,4,19,FALSE,2026-08-15
4,SHYPOP (feat. Ninajirachi),ISOxo,kidsgonemad!,EDM,2023,193,5,31,TRUE,2026-09-19
5,dashstar*,Knock2,dashstar*,EDM,2022,172,5,57,TRUE,2026-10-01
6,"crank the bass, play the muzik",Knock2,nolimit,EDM,2025,158,4,22,FALSE,2026-09-12
7,rookie (with SAYAK DAS),Knock2,nolimit,EDM,2025,165,3,0,FALSE,2026-01-17
8,Take It,Dom Dolla,Take It,House,2018,226,4,24,FALSE,2026-07-09
9,San Frandisco,Dom Dolla,San Frandisco,House,2019,224,5,41,TRUE,2026-09-24
10,Miracle Maker (feat. Clementine Douglas),Dom Dolla,Miracle Maker,House,2022,197,5,36,TRUE,2026-09-08
11,Saving Up,Dom Dolla,Saving Up,House,2023,181,4,28,FALSE,2026-08-21
12,Dreamin' (feat. Daya),Dom Dolla,Dreamin',House,2025,188,4,15,FALSE,2026-08-30
13,Phantom (feat. Rico Ace),EsDeeKid,Rebel,Rap,2025,151,5,62,TRUE,2026-10-02
14,LV Sandals (feat. Fakemink & Rico Ace),EsDeeKid,Rebel,Rap,2025,146,4,33,FALSE,2026-09-16
15,4 Raws,EsDeeKid,Rebel,Rap,2025,139,4,27,TRUE,2026-09-22
16,Illegal,PinkPantheress,Fancy That,Pop,2025,149,5,44,TRUE,2026-09-28
17,Stateside,PinkPantheress,Fancy That,Pop,2025,168,4,38,FALSE,2026-09-25
18,Tonight,PinkPantheress,Fancy That,Pop,2025,176,4,20,FALSE,2026-08-11
19,Pain,PinkPantheress,to hell with it,Pop,2021,101,3,9,FALSE,2026-05-04
20,Boy's a liar Pt. 2,"PinkPantheress, Ice Spice",Heaven knows,Pop,2023,131,5,46,TRUE,2026-09-30
